<?xml version="1.0" encoding="UTF-8" standalone="yes"?>
<addon id="plugin.video.AnArchy" version="7.7.7" name="[COLOR white]A[/COLOR][COLOR red]n[/COLOR][COLOR white]A[/COLOR][COLOR red]r[/COLOR][COLOR white]C[/COLOR][COLOR red]h[/COLOR][COLOR white]Y[/COLOR]" provider-name="E-G Boogeyman">
	<requires>
		<import addon="xbmc.python" version="2.19.0" />
		<import addon="script.anarchy.artwork"/>
		<import addon="script.anarchy.metadata"/>
		<import addon="script.module.resolveurl" version="3.0.0" />
		<import addon="script.module.metahandler" version="1.0.0" />
		<import addon="script.module.openscrapers"/>
	</requires>
	<extension point="xbmc.python.pluginsource" library="AnArchy.py">
		<provides>video</provides>
	</extension>
	<extension point="xbmc.service" library="service.py" start="startup" />
	<extension point="xbmc.addon.metadata">
		<summary lang="en">AnArchy</summary>
		<description lang="en">[I]A New Generation[/I][CR][CR][B]AnArchy Movies and TV[/B][CR][CR]This addon does not form part of the Kodi Media Centre. Please do not seek assistance with this addon from any of the Official Kodi Support Channels.[CR][CR]The author does not host any of the content in this addon and takes no responsibility for content found.</description>
		<platform>all</platform>
		<license>GNU GENERAL PUBLIC LICENSE. Version 3, 29 June 2007</license>
		<forum></forum>
		<website></website>
		<source></source>
		<disclaimer lang="en">The author of this addon do not host any of the content which is found and have no affiliation with any of the content providers. This addon simply searches websites for content. Use at your own risk!</disclaimer>

		<assets>
			<icon>icon.gif</icon>
			<fanart>fanart.jpg</fanart>
		</assets>
		<news></news>
	</extension>
</addon>