<?xml version="1.0" encoding="UTF-8" standalone="yes"?>
<addon id="script.bonecrushergoo"
	   name="bonecrusher goo"
	   version="1.0.2"
	   provider-name=" ">
  <extension point="xbmc.python.pluginsource"
			 library="default.py">
    	<provides>all</provides>
  </extension>
  <extension point="xbmc.addon.metadata">
    <summary>Adult(18+) videos from www.hotgoo.com</summary>
    <description>Adult(18+) videos from www.hotgoo.com</description>
    <platform>all</platform>
  </extension>
</addon>






