<?xml version="1.0" encoding="UTF-8"?>
<includes>
	<include name="FullScreenInfoBarLiveTV">
		<control type="group">
			<animation effect="slide" end="0,-80" time="240" tween="quadratic" condition="Window.IsActive(videoosd)">Conditional</animation>
			<animation effect="fade" start="0" end="100" time="400">WindowOpen</animation>
			<animation effect="fade" start="100" end="0" time="400">WindowClose</animation>
			<!-- Main background -->
			<control type="image">
				<top>778</top>
				<left>17</left>
				<width>1885</width>
				<height>295</height>
				<texture border="40">dialogs/default/bg.png</texture>
				<animation effect="fade" end="85" condition="true">Conditional</animation>
				<visible>String.IsEmpty(Skin.String(LiveTV.InfobarType))</visible>
			</control>
			<control type="image">
				<top>818</top>
				<left>17</left>
				<width>1885</width>
				<height>255</height>
				<texture border="40">dialogs/default/bg.png</texture>
				<animation effect="fade" end="85" condition="true">Conditional</animation>
				<visible>String.IsEqual(Skin.String(LiveTV.InfobarType),1)</visible>
			</control>
			<control type="group">
				<animation effect="slide" end="0,40" time="0" condition="String.IsEqual(Skin.String(LiveTV.InfobarType),1)">Conditional</animation>
				<!-- Top Section -->
				<control type="group">
					<top>780</top>
					<!-- Channel logo -->
					<control type="image">
						<left>75</left>
						<top>30</top>
						<width>210</width>
						<height>190</height>
						<align>center</align>
						<texture background="true" fallback="$INFO[Player.Icon]">$INFO[VideoPlayer.Cover]</texture>
						<aspectratio>keep</aspectratio>
					</control>
					<!-- Channel Name + Number -->
					<control type="grouplist">
						<left>330</left>
						<width>1010</width>
						<itemgap>20</itemgap>
						<orientation>horizontal</orientation>
						<control type="label">
							<width>auto</width>
							<height>100</height>
							<font>font60</font>
							<textcolor>$VAR[ThemeLabelColor]</textcolor>
							<label>$INFO[VideoPlayer.ChannelNumberLabel]</label>
							<scroll>true</scroll>
						</control>
						<control type="label">
							<width>auto</width>
							<height>100</height>
							<font>font60</font>
							<textcolor>$VAR[ThemeLabelColor]</textcolor>
							<label>$INFO[VideoPlayer.ChannelName]</label>
							<scroll>true</scroll>
						</control>
					</control>
					<!-- Top Seperator -->
					<control type="image">
						<top>94</top>
						<left>332</left>
						<width>1520</width>
						<height>2</height>
						<texture colordiffuse="white">new_pvr/osd_line_white.png</texture>
					</control>
					<!-- Media Flags -->
					<control type="group">
						<animation effect="slide" end="40" time="0" condition="!String.IsEqual(VideoPlayer.ChannelName,PVR.NowRecordingChannel)">Conditional</animation>
						<left>1325</left>
						<top>15</top>
						<control type="image">
							<left>10</left>
							<width>100</width>
							<height>80</height>
							<aspectratio align="center" aligny="center">keep</aspectratio>
							<texture>$VAR[MediaFlagsPathVar]/aspectratio/$INFO[VideoPlayer.VideoAspect,,.png]</texture>
						</control>
						<control type="image">
							<left>100</left>
							<width>100</width>
							<height>80</height>
							<aspectratio align="center" aligny="center">keep</aspectratio>
							<texture>$VAR[MediaFlagsPathVar]/audiocodec/$VAR[PlayerAudioCodecFlagVar]</texture>
						</control>
						<control type="image">
							<left>200</left>
							<width>100</width>
							<height>80</height>
							<aspectratio align="center" aligny="center">keep</aspectratio>
							<texture>$VAR[MediaFlagsPathVar]/audiochannels/$INFO[VideoPlayer.AudioChannels,,.png]</texture>
						</control>
						<control type="image">
							<left>300</left>
							<width>100</width>
							<height>80</height>
							<aspectratio align="center" aligny="center">keep</aspectratio>
							<texture>$VAR[MediaFlagsPathVar]/resolution/$INFO[VideoPlayer.VideoResolution,,.png]</texture>
						</control>
						<control type="image">
							<left>400</left>
							<width>100</width>
							<height>80</height>
							<aspectratio align="center" aligny="center">keep</aspectratio>
							<texture>$VAR[MediaFlagsPathVar]/videocodec/$VAR[VideoSourceFlagVar]</texture>
						</control>
						<control type="image">
							<left>500</left>
							<top>21</top>
							<width>40</width>
							<height>40</height>
							<texture>new_pvr/icons/channels/record.png</texture>
							<animation effect="fade" start="100" end="40" time="2000" pulse="true" condition="true">Conditional</animation>
							<visible>PVR.IsRecordingPlayingChannel</visible>
							<!-- <visible>PVR.IsRecordingPlayingChannel | PVR.IsPlayingActiveRecording</visible> -->
						</control>
					</control>
				</control>
				<!-- Middle Section -->
				<control type="group">
					<visible>VideoPlayer.HasEpg</visible>
					<control type="grouplist">
						<left>330</left>
						<top>895</top>
						<width>920</width>
						<itemgap>20</itemgap>
						<orientation>horizontal</orientation>
						<control type="label">
							<width>150</width>
							<height>38</height>
							<font>font16</font>
							<label>$INFO[VideoPlayer.StartTime]</label>
							<visible>!String.IsEmpty(VideoPlayer.StartTime)</visible>
						</control>
						<control type="label">
							<width>auto</width>
							<height>38</height>
							<font>font16</font>
							<scroll>true</scroll>
							<label>$INFO[VideoPlayer.Title]</label>
							<visible>!String.IsEmpty(VideoPlayer.Title)</visible>
						</control>
					</control>
					<control type="label">
						<left>1042</left>
						<top>895</top>
						<width>500</width>
						<height>38</height>
						<font>font16</font>
						<textcolor>white2</textcolor>
						<align>right</align>
						<label>$VAR[PlayerTimeRemainingAltVar,+,  ]$INFO[VideoPlayer.EndTime]</label>
					</control>
					<control type="group">
						<left>330</left>
						<top>965</top>
						<control type="label">
							<width>1215</width>
							<height>38</height>
							<font>font13</font>
							<textcolor>$VAR[ThemeLabelColor]</textcolor>
							<label>$INFO[PVR.TimeshiftCur,$LOCALIZE[31364]: [COLOR grey],[/COLOR]]$INFO[PVR.TimeshiftOffset, [COLOR grey](-,)[/COLOR]]$INFO[VideoPlayer.NextTitle,  $LOCALIZE[19031]: [COLOR grey],[/COLOR]]$INFO[VideoPlayer.NextStartTime, [COLOR grey](,]$INFO[VideoPlayer.NextEndTime, - ,)[/COLOR]]</label>
							<visible>!Player.ChannelPreviewActive + Pvr.IsTimeShift</visible>
						</control>
						<control type="label">
							<width>1215</width>
							<height>38</height>
							<font>font13</font>
							<textcolor>$VAR[ThemeLabelColor]</textcolor>
							<label>$INFO[VideoPlayer.NextTitle,$LOCALIZE[19031]: [COLOR grey],[/COLOR]]$INFO[VideoPlayer.NextStartTime, [COLOR grey](,]$INFO[VideoPlayer.NextEndTime, - ,)[/COLOR]]</label>
							<visible>!Pvr.IsTimeShift</visible>
						</control>
					</control>
					<control type="group">
						<left>332</left>
						<top>944</top>
						<control type="group">
							<visible>!Player.ChannelPreviewActive</visible>
							<control type="progress">
								<top>-6</top>
								<width>1208</width>
								<height>24</height>
								<info>PVR.TimeshiftProgressBufferEnd</info>
								<info2>PVR.TimeshiftProgressBufferStart</info2>
								<texturebg border="3" colordiffuse="60FFFFFF">colors/white50.png</texturebg>
								<midtexture>colors/white70.png</midtexture>
								<visible>Player.SeekEnabled</visible>
							</control>
							<control type="progress">
								<width>1208</width>
								<height>12</height>
								<info>PVR.TimeshiftProgressPlayPos</info>
								<info2>PVR.TimeshiftProgressEpgStart</info2>
								<texturebg border="3" colordiffuse="60FFFFFF">colors/white50.png</texturebg>
								<midtexture colordiffuse="$VAR[ThemeLabelColor]">colors/white.png</midtexture>
							</control>
							<control type="progress">
								<width>1208</width>
								<height>12</height>
								<info>PVR.TimeshiftProgressEpgEnd</info>
								<info2>PVR.TimeshiftProgressPlayPos</info2>
								<texturebg border="3" colordiffuse="00FFFFFF">colors/white50.png</texturebg>
								<midtexture>colors/white50.png</midtexture>
							</control>
							<control type="slider" id="403">
								<top>-6</top>
								<width>1208</width>
								<height>24</height>
								<texturesliderbar colordiffuse="00FFFFFF">osd/progress/nub_bar.png</texturesliderbar>
								<textureslidernib colordiffuse="$VAR[ThemeLabelColor]">osd/progress/nub_bar.png</textureslidernib>
								<textureslidernibfocus colordiffuse="$VAR[ThemeLabelColor]">colors/white.png</textureslidernibfocus>
								<visible>Player.SeekEnabled</visible>
							</control>
						</control>
						<control type="progress">
							<width>1208</width>
							<height>12</height>
							<info>PVR.EpgEventProgress</info>
							<texturebg border="3" colordiffuse="60FFFFFF">colors/white50.png</texturebg>
							<midtexture colordiffuse="$VAR[ThemeLabelColor]">colors/white.png</midtexture>
							<visible>Player.ChannelPreviewActive</visible>
						</control>
					</control>
				</control>
				<control type="group">
					<visible>!VideoPlayer.HasEpg</visible>
					<top>915</top>
					<left>330</left>
					<control type="label">
						<width>865</width>
						<height>65</height>
						<font>font65</font>
						<scroll>true</scroll>
						<label>[B]$LOCALIZE[31363][/B]</label>
						<visible>!String.IsEmpty(VideoPlayer.Title)</visible>
					</control>
				</control>
				<!-- Weather + Date + Time -->
				<control type="group">
					<left>1560</left>
					<top>875</top>
					<!-- Yes Weather -->
					<control type="group">
						<visible>String.IsEmpty(Weather.IsFetched)</visible>
						<control type="label">
							<top>10</top>
							<width>300</width>
							<height>30</height>
							<align>center</align>
							<font>font24_bold</font>
							<textcolor>$VAR[ThemeLabelColor]</textcolor>
							<label>$INFO[System.Date]</label>
						</control>
						<control type="label">
							<top>40</top>
							<width>300</width>
							<height>30</height>
							<align>center</align>
							<font>font24_bold</font>
							<textcolor>$VAR[ThemeLabelColor]</textcolor>
							<label>$INFO[Weather.Temperature]$INFO[Weather.Conditions,  ,]</label>
						</control>
					</control>
					<!-- No Weather -->
					<control type="group">
						<visible>!String.IsEmpty(Weather.IsFetched)</visible>
						<control type="label">
							<top>20</top>
							<width>300</width>
							<height>30</height>
							<align>center</align>
							<font>font24_bold</font>
							<textcolor>$VAR[ThemeLabelColor]</textcolor>
							<label>$INFO[System.Date]</label>
						</control>
					</control>
					<!-- Time -->
					<control type="label">
						<top>50</top>
						<width>300</width>
						<height>100</height>
						<align>center</align>
						<font>font60</font>
						<textcolor>white2</textcolor>
						<label>$INFO[System.Time]</label>
					</control>
				</control>
				<!-- Bottom Section -->
				<control type="group">
					<visible>!String.IsEqual(Skin.String(LiveTV.InfobarType),1)</visible>
					<!-- Bottom Seperator -->
					<control type="image">
						<top>1014</top>
						<left>57</left>
						<width>1805</width>
						<height>2</height>
						<texture colordiffuse="white">new_pvr/osd_line_white.png</texture>
					</control>
					<!-- Bottom Info -->
					<control type="group">
						<left>65</left>
						<top>1017</top>
						<!-- Encryption -->
						<control type="group">
							<visible>!Skin.HasSetting(infobar_hidetencrypt)</visible>
							<control type="label">
								<width>50</width>
								<height>38</height>
								<font>font24_bold</font>
								<textcolor>grey</textcolor>
								<label>S</label>
							</control>
							<control type="label">
								<visible>String.Contains(PVR.ActStreamEncryptionName,01) | String.Contains(PVR.ActStreamEncryptionName,9F)</visible>
								<width>50</width>
								<height>38</height>
								<font>font24_bold</font>
								<textcolor>green</textcolor>
								<label>S</label>
							</control>
							<control type="label">
								<left>30</left>
								<width>50</width>
								<height>38</height>
								<font>font24_bold</font>
								<textcolor>grey</textcolor>
								<label>V</label>
							</control>
							<control type="label">
								<visible>String.Contains(PVR.ActStreamEncryptionName,5)</visible>
								<left>30</left>
								<width>50</width>
								<height>38</height>
								<font>font24_bold</font>
								<textcolor>green</textcolor>
								<label>V</label>
							</control>
							<control type="label">
								<left>63</left>
								<width>50</width>
								<height>38</height>
								<font>font24_bold</font>
								<textcolor>grey</textcolor>
								<label>I</label>
							</control>
							<control type="label">
								<visible>String.Contains(PVR.ActStreamEncryptionName,06)</visible>
								<left>63</left>
								<width>50</width>
								<height>38</height>
								<font>font24_bold</font>
								<textcolor>green</textcolor>
								<label>I</label>
							</control>
							<control type="label">
								<left>85</left>
								<width>50</width>
								<height>38</height>
								<font>font24_bold</font>
								<textcolor>grey</textcolor>
								<label>ND</label>
							</control>
							<control type="label">
								<visible>String.Contains(PVR.ActStreamEncryptionName,09)</visible>
								<left>85</left>
								<width>50</width>
								<height>38</height>
								<font>font24_bold</font>
								<textcolor>green</textcolor>
								<label>ND</label>
							</control>
							<control type="label">
								<left>135</left>
								<width>50</width>
								<height>38</height>
								<font>font24_bold</font>
								<textcolor>grey</textcolor>
								<label>CO</label>
							</control>
							<control type="label">
								<visible>String.Contains(PVR.ActStreamEncryptionName,0B)</visible>
								<left>135</left>
								<width>50</width>
								<height>38</height>
								<font>font24_bold</font>
								<textcolor>green</textcolor>
								<label>CO</label>
							</control>
							<control type="label">
								<left>180</left>
								<width>50</width>
								<height>38</height>
								<font>font24_bold</font>
								<textcolor>grey</textcolor>
								<label>CW</label>
							</control>
							<control type="label">
								<visible>String.Contains(PVR.ActStreamEncryptionName,0D)</visible>
								<left>180</left>
								<width>50</width>
								<height>38</height>
								<font>font24_bold</font>
								<textcolor>green</textcolor>
								<label>CW</label>
							</control>
							<control type="label">
								<left>230</left>
								<width>70</width>
								<height>38</height>
								<font>font24_bold</font>
								<textcolor>grey</textcolor>
								<label>B</label>
							</control>
							<control type="label">
								<visible>String.Contains(PVR.ActStreamEncryptionName,17)</visible>
								<left>230</left>
								<width>70</width>
								<height>38</height>
								<font>font24_bold</font>
								<textcolor>green</textcolor>
								<label>B</label>
							</control>
							<control type="label">
								<left>258</left>
								<width>50</width>
								<height>38</height>
								<font>font24_bold</font>
								<textcolor>grey</textcolor>
								<label>N</label>
							</control>
							<control type="label">
								<visible>String.Contains(PVR.ActStreamEncryptionName,18)</visible>
								<left>258</left>
								<width>50</width>
								<height>38</height>
								<font>font24_bold</font>
								<textcolor>green</textcolor>
								<label>N</label>
							</control>
							<control type="label">
								<left>320</left>
								<width>1000</width>
								<height>38</height>
								<font>font24_bold</font>
								<textcolor>green</textcolor>
								<label>$INFO[PVR.ActStreamEncryptionName]</label>
							</control>
						</control>
						<!-- Signal -->
						<control type="group">
							<left>1250</left>
							<width>250</width>
							<visible>!String.Contains(PVR.ActStreamStatus,TIMESHIFT) + !Skin.HasSetting(infobar_hidesignalinfo)</visible>
							<control type="label">
								<width>250</width>
								<height>38</height>
								<font>font24_bold</font>
								<textcolor>grey</textcolor>
								<label>$INFO[PVR.ActStreamSNR,SNR: ,]</label>
							</control>
							<control type="label">
								<left>130</left>
								<width>250</width>
								<height>38</height>
								<font>font24_bold</font>
								<textcolor>grey</textcolor>
								<label>$INFO[PVR.ActStreamSignal,AGC: ,]</label>
							</control>
						</control>
						<!-- Tuner -->
						<control type="group">
							<left>1395</left>
							<width>300</width>
							<visible>!Skin.HasSetting(infobar_hidetuners)</visible>
							<control type="label">
								<left>200</left>
								<width>150</width>
								<height>38</height>
								<font>font24_bold</font>
								<textcolor>grey2</textcolor>
								<label>$LOCALIZE[31132]</label>
							</control>
							<control type="label">
								<left>295</left>
								<width>50</width>
								<height>38</height>
								<font>font24_bold</font>
								<textcolor>grey2</textcolor>
								<label>A</label>
								<visible>!String.Contains(PVR.ActStreamDevice,#0)</visible>
							</control>
							<control type="label">
								<left>295</left>
								<width>50</width>
								<height>38</height>
								<font>font24_bold</font>
								<textcolor>green</textcolor>
								<label>A</label>
								<visible>String.Contains(PVR.ActStreamDevice,#0)</visible>
							</control>
							<control type="label">
								<left>320</left>
								<width>50</width>
								<height>38</height>
								<font>font24_bold</font>
								<textcolor>grey2</textcolor>
								<label>B</label>
								<visible>!String.Contains(PVR.ActStreamDevice,#1)</visible>
							</control>
							<control type="label">
								<left>320</left>
								<width>50</width>
								<height>38</height>
								<font>font24_bold</font>
								<textcolor>green</textcolor>
								<label>B</label>
								<visible>String.Contains(PVR.ActStreamDevice,#1)</visible>
							</control>
							<control type="label">
								<left>345</left>
								<width>50</width>
								<height>38</height>
								<font>font24_bold</font>
								<textcolor>grey2</textcolor>
								<label>C</label>
								<visible>!String.Contains(PVR.ActStreamDevice,#2)</visible>
							</control>
							<control type="label">
								<left>345</left>
								<width>50</width>
								<height>38</height>
								<font>font24_bold</font>
								<textcolor>green</textcolor>
								<label>C</label>
								<visible>String.Contains(PVR.ActStreamDevice,#2)</visible>
							</control>
							<control type="label">
								<left>370</left>
								<width>50</width>
								<height>38</height>
								<font>font24_bold</font>
								<textcolor>grey2</textcolor>
								<label>D</label>
								<visible>!String.Contains(PVR.ActStreamDevice,#3)</visible>
							</control>
							<control type="label">
								<left>370</left>
								<width>50</width>
								<height>38</height>
								<font>font24_bold</font>
								<textcolor>green</textcolor>
								<label>D</label>
								<visible>String.Contains(PVR.ActStreamDevice,#3)</visible>
							</control>
						</control>
						<!-- TIMESHIFT -->
						<control type="label">
							<left>1595</left>
							<width>250</width>
							<height>38</height>
							<font>font24_bold</font>
							<textcolor>$VAR[ThemeLabelColor]</textcolor>
							<label>$LOCALIZE[31364]</label>
							<visible>String.Contains(PVR.ActStreamStatus,TIMESHIFT)</visible>
						</control>
					</control>
				</control>
			</control>
		</control>
	</include>
	<include name="EpgTimelineStandard">
		<control type="group">
			<description>TV Guide Timeline</description>
			<top>128</top>
			<include>DialogOpenCloseAnimation</include>
			<control type="image">
				<left>50</left>
				<top>-80</top>
				<width>1822</width>
				<height>1019</height>
				<texture border="40">listpanel_back.png</texture>
			</control>
			<control type="fixedlist" id="11">
				<left>80</left>
				<top>-38</top>
				<width>1760</width>
				<height>60</height>
				<onup>10</onup>
				<ondown>10</ondown>
				<orientation>horizontal</orientation>
				<itemlayout height="60" width="440">
					<control type="label">
						<width>440</width>
						<height>60</height>
						<textoffsetx>15</textoffsetx>
						<font>font14</font>
						<textcolor>grey2</textcolor>
						<label>$INFO[ListItem.Label]</label>
					</control>
				</itemlayout>
				<focusedlayout height="60" width="440">
					<control type="image">
						<width>440</width>
						<height>60</height>
						<texture colordiffuse="$VAR[HighlightBarColor]" border="5">listselect_fo.png</texture>
						<visible>Control.HasFocus(11)</visible>
						<include>VisibleFadeAnimation</include>
					</control>
					<control type="label">
						<width>440</width>
						<height>60</height>
						<textoffsetx>15</textoffsetx>
						<font>font14</font>
						<scroll>true</scroll>
						<label>$INFO[ListItem.Label]</label>
						<animation effect="fade" start="100" end="70" time="300" tween="sine" easing="inout" condition="!Control.HasFocus(11)">Conditional</animation>
					</control>
				</focusedlayout>
			</control>
			<control type="epggrid" id="10">
				<description>EPG Grid</description>
				<left>80</left>
				<top>22</top>
				<width>1760</width>
				<height>703</height>
				<pagecontrol>10</pagecontrol>
				<scrolltime tween="quadratic" easing="out">200</scrolltime>
				<timeblocks>30</timeblocks>
				<progresstexture border="0,20,18,14" colordiffuse="$VAR[ThemeLabelColor]">new_pvr/PVR-EpgProgressIndicator.png</progresstexture>
				<rulerunit>6</rulerunit>
				<onleft>10</onleft>
				<onright>10</onright>
				<onup>11</onup>
				<ondown>11</ondown>
				<onback>SetProperty(MediaMenu,True,Home)</onback>
				<onback>9050</onback>
				<viewtype label="19032">list</viewtype>
				<rulerlayout height="55" width="440">
					<control type="image" id="2">
						<top>2</top>
						<width>440</width>
						<height>52</height>
						<aspectratio>stretch</aspectratio>
						<texture border="3" colordiffuse="26FFFFFF">new_pvr/epg-genres/0.png</texture>
						<visible>!String.IsEqual(ListItem.Label,System.Date)</visible>
					</control>
					<control type="label">
						<width>440</width>
						<height>55</height>
						<textoffsetx>15</textoffsetx>
						<textcolor>$VAR[ThemeLabelColor]</textcolor>
						<label>$INFO[ListItem.Label]</label>
					</control>
				</rulerlayout>
				<channellayout height="72" width="440">
					<include condition="String.IsEmpty(Skin.String(PVRGuide.Logos))">DefaultChannelLayout</include>
					<include condition="!String.IsEmpty(Skin.String(PVRGuide.Logos))">LogoChannelLayout</include>
				</channellayout>
				<focusedchannellayout height="72" width="440">
					<include condition="String.IsEmpty(Skin.String(PVRGuide.Logos))">DefaultFocusedChannelLayout</include>
					<include condition="!String.IsEmpty(Skin.String(PVRGuide.Logos))">LogoFocusedChannelLayout</include>
				</focusedchannellayout>
				<itemlayout height="72" width="120">
					<control type="image" id="2">
						<left>2</left>
						<top>2</top>
						<width>116</width>
						<height>70</height>
						<texture colordiffuse="40FFFFFF">new_pvr/epg-item.png</texture>
					</control>
					<control type="image" id="2">
						<width>120</width>
						<height>72</height>
						<aspectratio>stretch</aspectratio>
						<texture border="3">$INFO[ListItem.Property(GenreType),new_pvr/epg-genres/,.png]</texture>
						<visible>Skin.HasSetting(Enable.PVRGenreColors)</visible>
					</control>
					<control type="image">
						<left>8</left>
						<top>9</top>
						<width>20</width>
						<height>20</height>
						<texture>$VAR[PVRTimerIcon]</texture>
					</control>
					<control type="label" id="1">
						<top>14</top>
						<width>120</width>
						<height>60</height>
						<font>font14</font>
						<textoffsetx>15</textoffsetx>
						<label>$INFO[ListItem.Label]</label>
					</control>
				</itemlayout>
				<focusedlayout height="72" width="120">
					<control type="image" id="2">
						<left>2</left>
						<top>2</top>
						<width>116</width>
						<height>68</height>
						<texture colordiffuse="$VAR[HighlightBarColor]">listselect_fo.png</texture>
						<bordertexture border="8" colordiffuse="$VAR[HighlightBarColor]">new_pvr/pvr_focused.png</bordertexture>
						<bordersize>2</bordersize>
						<visible>Control.HasFocus(10)</visible>
						<include>VisibleFadeAnimation</include>
					</control>
					<control type="image">
						<left>8</left>
						<top>9</top>
						<width>20</width>
						<height>20</height>
						<texture>$VAR[PVRTimerIcon]</texture>
					</control>
					<control type="label" id="1">
						<top>14</top>
						<width>120</width>
						<height>60</height>
						<font>font14</font>
						<textoffsetx>15</textoffsetx>
						<label>$INFO[ListItem.Label]</label>
					</control>
				</focusedlayout>
			</control>
			<control type="group">
				<top>730</top>
				<left>176</left>
				<control type="image">
					<width>330</width>
					<height>170</height>
					<aspectratio>keep</aspectratio>
					<fadetime>400</fadetime>
					<texture background="true">$INFO[ListItem.Icon]</texture>
					<animation effect="slide" end="-20" condition="String.IsEmpty(Skin.String(PVRGuide.Logos))">Conditional</animation>
				</control>
				<control type="group">
					<left>329</left>
					<control type="label">
						<width>1306</width>
						<height>30</height>
						<font>font15</font>
						<textcolor>$VAR[ThemeLabelColor]</textcolor>
						<textoffsetx>15</textoffsetx>
						<label>$INFO[ListItem.StartTime]$INFO[ListItem.EndTime, - ,: ]$INFO[ListItem.Title,[COLOR grey],[/COLOR]]$INFO[ListItem.Genre,  $LOCALIZE[515]: [COLOR grey],[/COLOR]]</label>
					</control>
					<control type="textbox">
						<left>15</left>
						<top>38</top>
						<width>1306</width>
						<height>135</height>
						<align>justify</align>
						<font>font14_textbox2</font>
						<label>$INFO[ListItem.Plot]</label>
						<autoscroll time="3000" delay="4000" repeat="5000">true</autoscroll>
					</control>
				</control>
			</control>
		</control>
	</include>
	<include name="EpgTimelineMinified">
		<control type="group">
			<description>TV Guide Timeline</description>
			<include>DialogOpenCloseAnimation</include>
			<top>715</top>
			<control type="image">
				<left>-40</left>
				<top>-60</top>
				<width>2000</width>
				<height>500</height>
				<texture border="35">dialogs/default/bg2.png</texture>
			</control>
			<control type="fixedlist" id="11">
				<left>380</left>
				<top>-40</top>
				<width>1600</width>
				<height>60</height>
				<onup>10</onup>
				<ondown>10</ondown>
				<orientation>horizontal</orientation>
				<itemlayout height="60" width="400">
					<control type="label">
						<width>400</width>
						<height>60</height>
						<textoffsetx>15</textoffsetx>
						<font>font14</font>
						<textcolor>grey2</textcolor>
						<label>$INFO[ListItem.Label]</label>
					</control>
				</itemlayout>
				<focusedlayout height="60" width="400">
					<control type="image">
						<width>400</width>
						<height>60</height>
						<texture colordiffuse="$VAR[HighlightBarColor]" border="5">listselect_fo.png</texture>
						<visible>Control.HasFocus(11)</visible>
						<include>VisibleFadeAnimation</include>
					</control>
					<control type="label">
						<width>400</width>
						<height>60</height>
						<textoffsetx>15</textoffsetx>
						<font>font14</font>
						<scroll>true</scroll>
						<label>$INFO[ListItem.Label]</label>
						<animation effect="fade" start="100" end="70" time="300" tween="sine" easing="inout" condition="!Control.HasFocus(11)">Conditional</animation>
					</control>
				</focusedlayout>
			</control>
			<control type="epggrid" id="10">
				<description>EPG Grid</description>
				<left>380</left>
				<top>15</top>
				<width>1540</width>
				<height>320</height>
				<pagecontrol>10</pagecontrol>
				<scrolltime tween="quadratic" easing="out">200</scrolltime>
				<timeblocks>30</timeblocks>
				<progresstexture border="0,20,18,14" colordiffuse="$VAR[ThemeLabelColor]">new_pvr/PVR-EpgProgressIndicator.png</progresstexture>
				<rulerunit>6</rulerunit>
				<onleft>10</onleft>
				<onright>10</onright>
				<onup>11</onup>
				<ondown>11</ondown>
				<onback>SetProperty(MediaMenu,True,Home)</onback>
				<onback>9050</onback>
				<viewtype label="19032">list</viewtype>
				<rulerlayout height="45" width="40">
					<control type="image" id="2">
						<top>2</top>
						<width>42</width>
						<height>42</height>
						<aspectratio>stretch</aspectratio>
						<texture border="3" colordiffuse="26FFFFFF">new_pvr/epg-genres/0.png</texture>
						<visible>!String.IsEqual(ListItem.Label,System.Date)</visible>
					</control>
					<control type="label" id="2">
						<width>40</width>
						<height>45</height>
						<font>font11</font>
						<textcolor>$VAR[ThemeLabelColor]</textcolor>
						<textoffsetx>15</textoffsetx>
						<label>$INFO[ListItem.Label]</label>
					</control>
				</rulerlayout>
				<channellayout height="55" width="400">
					<control type="label">
						<width>80</width>
						<height>55</height>
						<font>font14</font>
						<align>center</align>
						<textcolor>grey2</textcolor>
						<label>$INFO[ListItem.ChannelNumberLabel]</label>
					</control>
					<control type="image">
						<left>80</left>
						<top>1.5</top>
						<width>65</width>
						<height>50</height>
						<aspectratio>keep</aspectratio>
						<texture background="true">$INFO[ListItem.Icon]</texture>
						<visible>String.IsEqual(Skin.String(PVRGuide.Logos),2)</visible>
					</control>
					<control type="label">
						<left>150</left>
						<width>260</width>
						<height>55</height>
						<font>font14</font>
						<textoffsetx>15</textoffsetx>
						<textcolor>grey2</textcolor>
						<label>$INFO[ListItem.ChannelName]</label>
						<visible>String.IsEqual(Skin.String(PVRGuide.Logos),2)</visible>
					</control>
					<control type="label">
						<left>80</left>
						<width>330</width>
						<height>55</height>
						<font>font14</font>
						<textoffsetx>15</textoffsetx>
						<textcolor>grey2</textcolor>
						<label>$INFO[ListItem.ChannelName]</label>
						<visible>!String.IsEqual(Skin.String(PVRGuide.Logos),2)</visible>
					</control>
				</channellayout>
				<focusedchannellayout height="55" width="400">
					<control type="image">
						<width>400</width>
						<height>53</height>
						<texture colordiffuse="$VAR[HighlightBarColor]" border="4">listselect_fo.png</texture>
						<visible>Control.HasFocus(10)</visible>
						<include>VisibleFadeAnimation</include>
					</control>
					<control type="label">
						<width>80</width>
						<height>55</height>
						<font>font14</font>
						<align>center</align>
						<label>$INFO[ListItem.ChannelNumberLabel]</label>
					</control>
					<control type="image">
						<left>80</left>
						<top>1.5</top>
						<width>65</width>
						<height>50</height>
						<aspectratio>keep</aspectratio>
						<texture background="true">$INFO[ListItem.Icon]</texture>
						<visible>String.IsEqual(Skin.String(PVRGuide.Logos),2)</visible>
					</control>
					<control type="label">
						<left>150</left>
						<width>260</width>
						<height>55</height>
						<font>font14</font>
						<textoffsetx>15</textoffsetx>
						<label>$INFO[ListItem.ChannelName]</label>
						<visible>String.IsEqual(Skin.String(PVRGuide.Logos),2)</visible>
					</control>
					<control type="label">
						<left>80</left>
						<width>330</width>
						<height>55</height>
						<font>font14</font>
						<textoffsetx>15</textoffsetx>
						<label>$INFO[ListItem.ChannelName]</label>
						<visible>!String.IsEqual(Skin.String(PVRGuide.Logos),2)</visible>
					</control>
				</focusedchannellayout>
				<itemlayout height="55" width="120">
					<control type="image" id="1">
						<left>2</left>
						<width>120</width>
						<height>55</height>
						<aspectratio>stretch</aspectratio>
						<texture colordiffuse="33FFFFFF">new_pvr/epg-item.png</texture>
					</control>
					<control type="image" id="1">
						<top>-2</top>
						<width>122</width>
						<height>57</height>
						<aspectratio>stretch</aspectratio>
						<texture border="3">$INFO[ListItem.Property(GenreType),new_pvr/epg-genres/,.png]</texture>
						<visible>Skin.HasSetting(Enable.PVRGenreColors)</visible>
					</control>
					<control type="image">
						<left>6</left>
						<top>5</top>
						<width>20</width>
						<height>20</height>
						<texture>$VAR[PVRTimerIcon]</texture>
					</control>
					<control type="label" id="1">
						<top>8</top>
						<width>120</width>
						<height>45</height>
						<font>font12b</font>
						<textoffsetx>20</textoffsetx>
						<textcolor>grey2</textcolor>
						<label>$INFO[ListItem.Label]</label>
					</control>
				</itemlayout>
				<focusedlayout height="55" width="120">
					<control type="image" id="2">
						<left>2</left>
						<width>118</width>
						<height>53</height>
						<texture colordiffuse="$VAR[HighlightBarColor]">listselect_fo.png</texture>
						<bordertexture border="8" colordiffuse="$VAR[HighlightBarColor]">new_pvr/pvr_focused.png</bordertexture>
						<bordersize>2</bordersize>
						<visible>Control.HasFocus(10)</visible>
						<include>VisibleFadeAnimation</include>
					</control>
					<control type="image">
						<left>6</left>
						<top>5</top>
						<width>20</width>
						<height>20</height>
						<texture>$VAR[PVRTimerIcon]</texture>
					</control>
					<control type="label" id="1">
						<top>8</top>
						<width>120</width>
						<height>45</height>
						<font>font12b</font>
						<textoffsetx>20</textoffsetx>
						<label>$INFO[ListItem.Label]</label>
					</control>
				</focusedlayout>
			</control>
			<control type="group">
				<left>15</left>
				<top>-25</top>
				<control type="label">
					<width>360</width>
					<height>30</height>
					<label>$INFO[ListItem.Title]</label>
				</control>
				<control type="label">
					<top>35</top>
					<width>360</width>
					<height>30</height>
					<font>font12</font>
					<textcolor>$VAR[ThemeLabelColor]</textcolor>
					<label>$INFO[ListItem.Genre]</label>
				</control>
				<control type="label">
					<top>70</top>
					<width>360</width>
					<height>30</height>
					<font>font12</font>
					<textcolor>$VAR[ThemeLabelColor]</textcolor>
					<label>$INFO[ListItem.StartTime]$INFO[ListItem.EndTime, - ,]</label>
				</control>
				<control type="textbox">
					<top>110</top>
					<width>360</width>
					<height>220</height>
					<font>font13</font>
					<textcolor>grey</textcolor>
					<autoscroll time="3000" delay="4000" repeat="5000">true</autoscroll>
					<label>$INFO[ListItem.Plot]</label>
				</control>
			</control>
		</control>
	</include>
	<include name="DefaultChannelLayout">
		<control type="label">
			<width>85</width>
			<height>72</height>
			<font>font16</font>
			<align>center</align>
			<textcolor>grey2</textcolor>
			<label>[B]$INFO[ListItem.ChannelNumberLabel][/B]</label>
		</control>
		<control type="label">
			<left>85</left>
			<width>355</width>
			<height>72</height>
			<font>font15</font>
			<textoffsetx>10</textoffsetx>
			<align>center</align>
			<textcolor>grey2</textcolor>
			<label>$INFO[ListItem.ChannelName]</label>
		</control>
	</include>
	<include name="DefaultFocusedChannelLayout">
		<control type="image">
			<top>2</top>
			<height>68</height>
			<texture colordiffuse="$VAR[HighlightBarColor]" border="4">listselect_fo.png</texture>
			<visible>Control.HasFocus(10)</visible>
			<include>VisibleFadeAnimation</include>
		</control>
		<control type="label">
			<width>85</width>
			<height>72</height>
			<font>font16</font>
			<align>center</align>
			<label>[B]$INFO[ListItem.ChannelNumberLabel][/B]</label>
		</control>
		<control type="label">
			<left>85</left>
			<width>355</width>
			<height>72</height>
			<font>font15</font>
			<textoffsetx>10</textoffsetx>
			<align>center</align>
			<label>$INFO[ListItem.ChannelName]</label>
		</control>
	</include>
	<include name="LogoChannelLayout">
		<control type="label">
			<width>85</width>
			<height>72</height>
			<font>font16</font>
			<align>center</align>
			<textcolor>grey2</textcolor>
			<label>[B]$INFO[ListItem.ChannelNumberLabel][/B]</label>
		</control>
		<control type="image">
			<left>90</left>
			<top>4</top>
			<width>100</width>
			<height>64</height>
			<aspectratio>keep</aspectratio>
			<texture background="true">$INFO[ListItem.Icon]</texture>
			<visible>!String.IsEqual(Skin.String(PVRGuide.Logos),1)</visible>
		</control>
		<control type="image">
			<left>135</left>
			<top>4</top>
			<width>250</width>
			<height>64</height>
			<aspectratio>keep</aspectratio>
			<texture background="true">$INFO[ListItem.Icon]</texture>
			<visible>String.IsEqual(Skin.String(PVRGuide.Logos),1)</visible>
		</control>
		<control type="label">
			<left>183</left>
			<width>263</width>
			<height>72</height>
			<font>font15</font>
			<textoffsetx>10</textoffsetx>
			<textcolor>grey2</textcolor>
			<label>$INFO[ListItem.ChannelName]</label>
			<visible>!String.IsEqual(Skin.String(PVRGuide.Logos),1)</visible>
		</control>
	</include>
	<include name="LogoFocusedChannelLayout">
		<control type="image">
			<top>2</top>
			<height>68</height>
			<texture colordiffuse="$VAR[HighlightBarColor]" border="4">listselect_fo.png</texture>
			<visible>Control.HasFocus(10)</visible>
			<include>VisibleFadeAnimation</include>
		</control>
		<control type="label">
			<width>85</width>
			<height>72</height>
			<font>font16</font>
			<align>center</align>
			<label>[B]$INFO[ListItem.ChannelNumberLabel][/B]</label>
		</control>
		<control type="image">
			<left>90</left>
			<top>4</top>
			<width>100</width>
			<height>64</height>
			<aspectratio>keep</aspectratio>
			<texture background="true">$INFO[ListItem.Icon]</texture>
			<visible>!String.IsEqual(Skin.String(PVRGuide.Logos),1)</visible>
		</control>
		<control type="image">
			<left>135</left>
			<top>4</top>
			<width>250</width>
			<height>64</height>
			<aspectratio>keep</aspectratio>
			<texture background="true">$INFO[ListItem.Icon]</texture>
			<visible>String.IsEqual(Skin.String(PVRGuide.Logos),1)</visible>
		</control>
		<control type="label">
			<left>183</left>
			<width>263</width>
			<height>72</height>
			<font>font15</font>
			<textoffsetx>10</textoffsetx>
			<label>$INFO[ListItem.ChannelName]</label>
			<visible>!String.IsEqual(Skin.String(PVRGuide.Logos),1)</visible>
		</control>
	</include>
	<variable name="GuideTimelineViewTypeOptionsLabelVar">
		<value condition="String.IsEqual(Skin.String(LiveTV.EpgViewType),1)">$LOCALIZE[31222]</value>
		<value>$LOCALIZE[602]</value>
	</variable>
	<variable name="GuideTimelineViewTypeOptionsClickVar">
		<value condition="String.IsEmpty(Skin.String(LiveTV.EpgViewType))">Skin.SetString(LiveTV.EpgViewType,1)</value>
		<value condition="String.IsEqual(Skin.String(LiveTV.EpgViewType),1)">Skin.Reset(LiveTV.EpgViewType)</value>
	</variable>
	<variable name="GuideLogoOptionsLabelVar">
		<value condition="String.IsEqual(Skin.String(PVRGuide.Logos),1)">$LOCALIZE[31543]</value>
		<value condition="String.IsEqual(Skin.String(PVRGuide.Logos),2)">$LOCALIZE[31359]</value>
		<value>$LOCALIZE[13113]</value>
	</variable>
	<variable name="GuideLogoClickVar">
		<value condition="String.IsEmpty(Skin.String(PVRGuide.Logos))">Skin.SetString(PVRGuide.Logos,1)</value>
		<value condition="String.IsEqual(Skin.String(PVRGuide.Logos),1)">Skin.SetString(PVRGuide.Logos,2)</value>
		<value condition="String.IsEqual(Skin.String(PVRGuide.Logos),2)">Skin.Reset(PVRGuide.Logos)</value>
	</variable>
	<variable name="LiveTvInfobarTypeOptionsClickVar">
		<value condition="String.IsEmpty(Skin.String(LiveTV.InfobarType))">Skin.SetString(LiveTV.InfobarType,1)</value>
		<value condition="String.IsEqual(Skin.String(LiveTV.InfobarType),1)">Skin.Reset(LiveTV.InfobarType)</value>
	</variable>
	<variable name="LiveTvInfobarTypeOptionsLabelVar">
		<value condition="String.IsEqual(Skin.String(LiveTV.InfobarType),1)">$LOCALIZE[31361]</value>
		<value>$LOCALIZE[602]</value>
	</variable>
</includes>