<?xml version="1.0" encoding="UTF-8" standalone="yes"?>
<addon id="plugin.audio.musicbox" name="Music Box" version="0.2.1" provider-name="techdealer">
  <requires>
    <import addon="xbmc.python" version="2.20.0"/>
    <import addon="script.module.simple.downloader" version="1.9.4"/>
    <import addon="plugin.video.youtube" version="2.9.2"/>
    <import addon="script.module.mutagen"/>
    <import addon="script.module.requests" version="2.3.0"/>
  </requires>
  <extension point="xbmc.python.pluginsource" library="addon.py">
    <provides>audio</provides>
  </extension>
  <extension point="xbmc.addon.metadata">
    <summary lang="en">Music Box</summary>
    <summary lang="es">Music Box</summary> 
    <description lang="en">Music box is a new way to listen and discover music thought KODI.</description>
    <description lang="es">Music box es una nueva forma de escuchar y descubrir música a través de Kodi.</description>
    <language>en</language>
    <platform>all</platform>
  </extension>
</addon>
