<?xml version="1.0" encoding="UTF-8" standalone="yes"?>
<addon id="plugin.video.MCMH.tvshows" name="Madhouse Connect Helper TV Shows" version="1.0.0" provider-name="bonecrusher">
    <requires>
        <import addon="xbmc.python" version="2.1.0"/>
    </requires>
    <extension point="xbmc.python.pluginsource" library="default.py">
        <provides></provides>
    </extension>
    <extension point="xbmc.addon.metadata">
        <summary lang="en">PKC Dependency Add-On</summary>
        <description lang="en">Madhouse Connect add-on for tv shows</description>
        <platform>all</platform>
        <language>en</language>
        <license>GNU GENERAL PUBLIC LICENSE. Version 2, June 1991</license>
        <forum></forum>
        <website></website>
        <source></source>
        <news></news>
    </extension>
</addon>
