<?xml version="1.0" encoding="UTF-8" standalone="yes"?>
<addon id="script.odin.metadata" version="1.0.1" name="odin Metadata" provider-name="B.C S.S">
	<requires>
		<import addon="xbmc.python" version="2.19.0"/>
	</requires>
	<extension point="xbmc.python.module" library="lib" />
	<extension point="xbmc.addon.metadata">
		<summary>Metadata for the odin Addon</summary>
		<description>Metadata for odin are maintained separately to make distribution of the the addon itself easier/faster.</description>
		<platform>all</platform>
	</extension>
</addon>
