<?xml version="1.1" encoding="UTF-8" standalone="yes"?>
<addon id="plugin.video.smokinbarrel"
       name="[COLOR silver]Smoking[/COLOR][COLOR grey]barrel[/COLOR]"
       version="1.1"
       provider-name="[COLOR yellow]Billy The Kid[/COLOR]">
  <requires>
    <import addon="xbmc.python" version="2.1.0"/>
	<import addon="script.module.requests" />
  </requires>
  <extension point="xbmc.python.pluginsource"
            library="default.py">
        <provides>video</provides>
  </extension>
  <extension point="xbmc.addon.metadata">
    <summary lang="en">[COLOR silver]Smoking[/COLOR][COLOR grey]barrel[/COLOR]</summary>
    <language>en</language>
    <description lang="en">Call Us Outlaws. We consider ourselves Outlaws. </description>
     <platform>all</platform>
  </extension>
</addon>
