﻿<?xml version="1.0" encoding="UTF-8" standalone="yes"?>
<addon id="script.bonexxx2" name="BoneCrusher XXX " version="1.0" provider-name="BoneCrusher">
    <requires>
        <import addon="xbmc.python" version="2.19.0" />
    </requires>
    <extension point="xbmc.python.pluginsource" library="default.py">
        <provides>all</provides>
    </extension>
    <extension point="xbmc.service" library="service.py" start="[login|startup]" />
    <extension point="xbmc.addon.metadata">
        <summary lang="en">Tell Me I Cant And I Will </summary>
        <description lang="en">As I Said I would I Am doing it </description>
        <disclaimer lang="en">You Still Want To Play Games We Will Play </disclaimer>
        <platform>all</platform>
        <website/>
        <video_guide></video_guide>
        <reuselanguageinvoker>false</reuselanguageinvoker>
    </extension>
</addon>
