﻿<?xml version="1.0" encoding="UTF-8" standalone="yes"?>
<addon id="plugin.video.maddebrid"
       name="Mad Debrid"
       version="999.999.999"
       provider-name="BoneCrusher AkA The Big Bad Wolf">
  <requires>
    <import addon="xbmc.python" version="2.24.0"/>
  </requires>
  <extension point="xbmc.python.pluginsource" library="addon.py">
    <provides>video</provides>
  </extension>
  <extension point="xbmc.addon.metadata">
    <platform>all</platform>
  <summary lang="en">Video plugin for Real-Debrid.com</summary>
   <description lang="en">Explore and stream your downloads folder on real-debrid.com --works on Xbox ONE - Kodi 18</description>
  <disclaimer lang="en">free addon - not for sale</disclaimer>
    <license>GNU GENERAL PUBLIC LICENSE. Version 2, June 1991</license>
  </extension>
</addon>
