<?xml version="1.0" encoding="UTF-8" standalone="yes"?>
<addon id="plugin.video.bonecrusher" version="1.0.11" name="BoneCrusher" provider-name="BoneCrusher">
	<requires>
		<import addon="xbmc.python" version="2.19.0" />
	</requires>
	<extension point="xbmc.python.pluginsource" library="bonecrusher.py">
		<provides>video</provides>
	</extension>
	<extension point="xbmc.service" library="service.py" start="startup" />
	<extension point="xbmc.addon.metadata">
		<summary lang="en">bonecrusher</summary>
		<description lang="en">Please Kindly note that bonecrusher is not an official part of the media player you are running, and therefore not to be mentioned within official support channels, this addon has nothing to do with the media player itself, nor it’s intended use, it is simply a third party plugin which has been added to your system.</description>
		<disclaimer lang="en">The author does not host or distribute any of the content displayed by this addon. The author does not have any affiliation with the content provider.</disclaimer>
		<platform>all</platform>
		<license>GNU GENERAL PUBLIC LICENSE. Version 3, 29 June 2007</license>
		<forum></forum>
		<website></website>
		<assets>
			<icon>icon.png</icon>
			<fanart>fanart.jpg</fanart>
		</assets>
		<news></news>
	</extension>
</addon>
