<?xml version="1.0" encoding="UTF-8" standalone="yes"?>
<addon id="script.anarchy.metadata" version="7.7.8" name="[COLOR white]A[/COLOR][COLOR red]n[/COLOR][COLOR white]A[/COLOR][COLOR red]r[/COLOR][COLOR white]C[/COLOR][COLOR red]h[/COLOR][COLOR white]Y[/COLOR] Metadata" provider-name="Mr.Unknown of CruCial Minds">
	<requires>
		<import addon="xbmc.python" version="2.19.0"/>
	</requires>
	<extension point="xbmc.python.module" library="lib" />
	<extension point="xbmc.addon.metadata">
		<summary>Metadata for the AnArchy Addon</summary>
		<description>Metadata for AnArchy are maintained separately to make distribution of the the addon itself easier/faster.</description>
		<platform>all</platform>
	</extension>
</addon>
